2020.09.09,2020.12.09
AcceptDivertPowerGame_CoDoSwitch,BBMAHLBBOGP_NCJKOFEBCBF
AdDataCollectScreen_Show,NPKMJIFMIFG_HDADFDPPANM
AlignGame_DisplayClass10,ADJODHAGPFA_LOIAADNPFJN
AlignGame_LockEngine,ADJODHAGPFA_OFPPDKGJGCO
AmongUsClient,FMLLKEACGIO
AmongUsClient_CoBroadcastManager,FMLLKEACGIO_HEHECHEIIHG
AmongUsClient_CoEndGame,FMLLKEACGIO_OFBOJACHMFM
AmongUsClient_CoStartGame,FMLLKEACGIO_PHPILBLJODN
AnnouncementPopUp_Init,MJONEDLPIDC_CBIIBJDBFAJ
AnnouncementPopUp_Show,MJONEDLPIDC_KAFPCLILOKN
Asteroid,MKALGBHFHBK
Asteroid_CoBreakApart,MKALGBHFHBK_MKBOODMLALE
AuthGame_Animate,PABHKMHOCMG_CPHOEPKKMPK
AutoDoorsSystemType,EKACHOMIIBO
AutoDoorsSystemType_c,EKACHOMIIBO_c
AutoOpenDoor,BOFFADCMGAK
BanButton,OBEDBEIDCNL
BanButton_CoSetVotes,OBEDBEIDCNL_BDEMGMNHFOO
BanMenu_c,CPKHIGCPOEM_c
BanMenu_DisplayClass8,CPKHIGCPOEM_KEHOBJCJONP
BlockedWords_LengthCompare,AKPNPAHKJIN_FIKEGIHKGHO
BoardPassGame,LPADAFGIFBC
BoardPassGame_CoFlipPass,LPADAFGIFBC_FNILMGLNOFG
BoardPassGame_CoPullPass,LPADAFGIFBC_OFDFFBOCMIN
BoardPassGame_CoRunBlinky,LPADAFGIFBC_KALGABEIHIE
ButtonDownHandler_CoRunDown,KCMCPOIGKKC_ICALPPHKCLE
CardSlideGame_InsertCard,BJIOFILJGOB_MMEGJIDBNAA
CardSlideGame_PutCardBack,BJIOFILJGOB_PKEJBFAHPFG
ChatBubble,KILPMABPOEH
ChatController_BounceDot,GEHKHGLKFHE_FIAPENCBKPJ
ChatController_CoClose,GEHKHGLKFHE_DJEFCPLAHLL
ChatController_CoOpen,GEHKHGLKFHE_KJEIMFJAEGA
ChatLanguageMenu_DisplayClass2,HMGAMLOJCOI_HGMABBAGOKC
ChatLanguageSet,NEANNPIFIGK
ClientData,ClientData
CloudGenerator_Cloud,MINMAKCOGKM_JMGIHGPGDID
ColorChip,HHCPGBKDLEE
Console,OKACGFOHADL
Controller,ANAACMGELPG
Controller_TouchState,ANAACMGELPG_CLHMEMNMPKD
Controller_TouchState,ANAACMGELPG_CLHMEMNMPKD
CourseStarBehaviour,KBJHHLAPKBP
CreateGameOptions_CoHide,LMAMILNDCOG_NCNCPGGHCCJ
CreateGameOptions_CoShow,LMAMILNDCOG_DCFAFONDDPK
CreateGameOptions_CoStartGame,LMAMILNDCOG_COEDLHLEBJL
CrossFader,KAHLOCGLFHI
CrystalBehaviour,BBBHAHNACAJ
CrystalBehaviour_Flash,BBBHAHNACAJ_PJBIBFKODHJ
CrystalMinigame_c,BDJEMCMOINP_c
CustomPlayerMenu,AANMMDGMFEL
DeadBody,DDPGLPLGFOI
DeconSystem_c,KMBHHGDGOKO_c
DeconSystem_CoRunSprayers,KMBHHGDGOKO_CIDIEAPHFNN
DeconSystem_States,KMBHHGDGOKO_IHBEJBGPOAK
DefaultPool,CCAKKBBNNPD
DemoKeyboardStick,FHKNBBHEJBB
DiagnosticGame_BlinkButton,EHICKEJAJFI_AMPGDKKIDLI
DiagnosticGame_c,EHICKEJAJFI_c
DisconnectReasons,GHMBCKNECJF
DisconnectReasons,GHMBCKNECJF
DiscordManager,BFJAOBKOKOH
DiscordManager_c,BFJAOBKOKOH_c
DiscordManager_CoJoinGame,BFJAOBKOKOH_JDNGGOEAOLG
DiscussBehaviour_AnimateText,MHFCOFCOKOO_FFLMFNAMPDG
DiscussBehaviour_PlayAnimation,MHFCOFCOKOO_FJCKNAEGODN
DivertPowerMinigame_DisplayClass7,ADPAMIHKLNA_OBNMJHCFPAL
DivertPowerTask,CGKNNBKBEDN
DoorBreakerGame_c,JLDJLKNKKOL_c
DoorsSystemType,MCCDJJJMOAL
DripBehaviour_DisplayClass7,EGJHPIOMHPF_GLAOPPKIOKD
DripBehaviour_Run,EGJHPIOMHPF_LBFGNIPGFID
DummyBehaviour_DoVote,MLKMBBFBIML_IBGJHNGAJDM
DynamicSound,MLELICNOCPM
DynamicSound_GetDynamicsFunction,MLELICNOCPM_PIAHLOLIJHM
EdgeTransition_CoClose,LOACFCFPDEF_MFONIKJLOJP
EdgeTransition_CoOpen,LOACFCFPDEF_DDBOLBBFMIJ
Effects_All,MFGGDFBIKLF_COLAECMPBJB
Effects_Bloop,MFGGDFBIKLF_JPDIGFCAGNI
Effects_Bounce,MFGGDFBIKLF_BPBFKGECAEI
Effects_ColorFade,MFGGDFBIKLF_MIHIIGAGFFF
Effects_ColorFade,MFGGDFBIKLF_PBLLHFGFNMG
Effects_CycleColors,MFGGDFBIKLF_ADBEGKHJLFF
Effects_Lerp,MFGGDFBIKLF_OJBFHFOAOCC
Effects_Overlerp,MFGGDFBIKLF_IFHOHMJNGOH
Effects_PulseColor,MFGGDFBIKLF_FGKBNEBJNKN
Effects_PulseColor,MFGGDFBIKLF_GDMJFHIHHIF
Effects_Rotate2D,MFGGDFBIKLF_KMGILKDJNMK
Effects_ScaleIn,MFGGDFBIKLF_MMDFLKDGDOG
Effects_Sequence,MFGGDFBIKLF_KJJMLHPENAH
Effects_Shake,MFGGDFBIKLF_GPBJGDONOBK
Effects_Slide2D,MFGGDFBIKLF_NGNPFPIIDKH
Effects_SwayX,MFGGDFBIKLF_NMCBFDGKHJP
Effects_Wait,MFGGDFBIKLF_JPFCNOPBNDN
ElectricTask,FFIDNPFJKPB
EmergencyMinigame,COIODMJFKDF
EmergencyMinigame_CoAnimateOpen,COIODMJFKDF_NKLAMMIMADJ
EmptyGarbageMinigame_AnimateObjects,LDCHIDEAKDE_DMCOHEOMFMG
EmptyGarbageMinigame_c,LDCHIDEAKDE_c
EmptyGarbageMinigame_PopObjects,LDCHIDEAKDE_FKEAJCIHIDC
EndGameManager_c,ABNGEPFHMHP_c
EndGameManager_CoBegin,ABNGEPFHMHP_EHKHLOLEFFD
EndGameManager_CoJoinGame,ABNGEPFHMHP_JKBMHABEDKD
EndGameManager_WaitWithTimeout,ABNGEPFHMHP_AMJLBGLCNFH
EngineBehaviour_DisplayClass4,JANCELDDODD_EPGODLNHFCO
EnterCodeMinigame_Animate,GOBEMNFEJPH_JMLBJFAKFMJ
EnterCodeMinigame_CoShowCard,GOBEMNFEJPH_LLFMJNACFNE
ExileController,CNNGMDOPELD
ExileController_Animate,CNNGMDOPELD_MBGAIMHMPGN
ExileController_c,CNNGMDOPELD_c
Extensions,GJEEJMCDOLB_c
FillCanistersGame_Run,BAEMEFKNOJF_BIKCFIBJCMG
FindAGameManager_GameSorter,DCGOPMPLEEJ_CBBBHNOBGEM
FindGameButton_ConnectForFindGame,OGBEMFKNADD_HLBFLIKMLDI
FingerBehaviour_DoClick,AONIJDDEMMD_HIBDDKCMENN
FingerBehaviour_MoveTo,AONIJDDEMMD_JFDLDMEMIPD
FloatRange,FloatRange
FloatRange_RandomRange,FloatRange_KFBPJONDKCM
FloatRange_Range,FloatRange_DCPOGAMGCOC
FloatRange_SpreadEvenly,FloatRange_JHLGDMDJFPM
FloatRange_SpreadToEdges,FloatRange_GBGANGFMPNL
FollowerCamera_CoShakeScreen,KGIKNCBGPFJ_GLAPJCOFCPF
FontCache,EIPJOEEOFOO
FontCache_DisplayClass7,EIPJOEEOFOO_CKICKBJHBCJ
FreeWeekendShower_Check,BAEKNNAJNLM_NIJJLLCLMDO
GameCode,DIJFDNNHDPC
GameData,EGLJNOMOGNP
GameData_c,EGLJNOMOGNP_c
GameData_DisplayClass21,EGLJNOMOGNP_KPBPEBDFFPM
GameData_PlayerInfo,EGLJNOMOGNP_DCJMABDDJCF
GameData_PlayerInfo,EGLJNOMOGNP_DCJMABDDJCF
GameData_PlayerInfo,EGLJNOMOGNP_DCJMABDDJCF
GameData_PlayerInfo_PlayerControl,EGLJNOMOGNP_DCJMABDDJCF_FFGALNAPKCD
GameData_TaskInfo,EGLJNOMOGNP_CAAACHLJJNE
GameData_TaskInfo,EGLJNOMOGNP_CAAACHLJJNE
GameListing,GameListing
GameModes,HMHDLKDABIP
GameOptionsData,KMOGFLPJLLK
GameOverlayActivated,GameOverlayActivated
GameOverReason,AIMMJPEOPEC
HatBehaviour,HatBehaviour
HatManager_c,OFCPCFDHIEF_c
HatManager_DisplayClass17,OFCPCFDHIEF_IOLDAJGPOEO
HatManager_DisplayClass7,OFCPCFDHIEF_BBMMIMIMEDN
HatsTab_DisplayClass11,OLOMLDDGGPP_CLLDKBEGFHG
HostGameButton_CoStartGame,CFOLJDACCCL_KHHGNNDEHFB
HqHudSystemType,JJOKBJOEDCJ
HqHudSystemType_DisplayClass16,JJOKBJOEDCJ_DMKDEMCHCAC
HudManager_c,PIEFJFEOGOL_c
HudManager_CoFadeFullScreen,PIEFJFEOGOL_JNPFJALNLHP
HudManager_CoReactorFlash,PIEFJFEOGOL_HDKGEDIFHBH
HudManager_CoShowIntro,PIEFJFEOGOL_KHKNKHEHLPF
HudManager_CoTaskComplete,PIEFJFEOGOL_LOJJNGGFAKL
HudManager_ShowEmblem,PIEFJFEOGOL_LIFCAFLPCGN
HudOverrideSystemType,FDNBHNIJKJI
IActivatable,LGPMPFLCFBA
IBuyable,GCJOJFHCCGP
IBytesSerializable,EKABJOOFLML
IDisconnectHandler,EFKLIEBHKOF
IEnumerator,IEnumerator
IFocusHolder,AAPBLFDKALL
IGameListHandler,NIADPAKICHA
ImageNames,ALHKNHBFGOJ
InnerNet,NJAHILONGKN
InnerNetClient,KHNHJFFECBP
InnerNetClient_TotalGameData,KHNHJFFECBP_CHHLKKJJOJP
InnerNet_ClientData,InnerNet_ClientData
InnerNet_GameListing,InnerNet_GameListing
IntRange,IntRange
IntroCutscene,PENEIDJGGAF
IntroCutscene_CoBegin,PENEIDJGGAF_CKACLKCOJFO
ISoundPlayer,LOAALABNKPF
ISteamBuyable,DLFDIDJEADO
IStepWatcher,DJLENIPKKGM
IStepWatcher,DJLENIPKKGM
ISystemType,COIGJLNEEFI
ISystemType,COIGJLNEEFI
ITranslatedText,GFAOAGHAAKL
IUsable,CMCLOPELAIG
IVirtualJoystick,KHHOBDIMOLM
JoinGameButton_JoinGame,LMPDFADEDCF_HNFJFOAENEG
KeyboardJoystick,ADEHDODPMHJ
KeypadGame_Animate,PBFOPOAPOLA_JGJOGDOLJCB
KeypadGame_BlinkAccept,PBFOPOAPOLA_FEBFCACNCCC
KillAnimation_CoPerformKill,MNGKAKKOKPN_LCCLBDMLADL
KillOverlay_CoShowOne,CFKDGHIEFFA_BDAOHIACLAN
KillOverlay_CoShowOne,CFKDGHIEFFA_IGJMJIKJDMG
KillOverlay_ShowAll,CFKDGHIEFFA_EGDEGHKHPOF
KillOverlay_WaitForFinish,CFKDGHIEFFA_BJJFHDBFIOO
KOHGPBDBBJI,KOHGPBDBBJI
LanguageButton,DPFEFDDHPJF
LanguageSetter_DisplayClass5,DHFPJIAFGLO_OJNFEOOAPPE
LanguageUnit,CHLIODGGNOA
LeafBehaviour,DLLKBDEPIPE
LetterTree,JFGMHCMBBGH
LetterTree_GetWords,JFGMHCMBBGH_AGCJIBKNOGH
LetterTree_GetWords,JFGMHCMBBGH_PKIJCDHEHPC
LetterTree_LetterNode,JFGMHCMBBGH_OPALJJGNHFN
LifeSuppSystemType,PPIIPAAMDAD
LightSource,APONPILBEGP
LightSource_AngleComparer,APONPILBEGP_JOEEPLKBAGG
LightSource_HitDepthComparer,APONPILBEGP_KFONDFAAAIP
LightSource_VertInfo,APONPILBEGP_OIKJPHIBGHE
LNJBIOPCGGB,LNJBIOPCGGB
LobbyBehaviour,PFLIBLFPGGB
MainMenuManager_RunStartUp,DMKCIFJKGLE_DBMNHPJMECE
ManualDoor_CoCloseDoorway,BIDGJMLODNO_DNCMPEACGAF
MapBehaviour,CBAGIJCCEGG
MapBuyable,MapBuyable
MapConsole_c,GEAHFGDIGIC_c
MatchMakerGameButton,MDDIFJDPMEB
MatchMakerGameButton_ConnectForFindGame,MDDIFJDPMEB_AFAKOMLBFIM
MDOMBCECHPG,MDOMBCECHPG
MedScanMinigame,BFAIBLAAGEI
MedScanMinigame_WalkToOffset,BFAIBLAAGEI_OMBOEHOGCHG
MedScanMinigame_WalkToPad,BFAIBLAAGEI_LBMMBNNDBAI
MedScanSystem,JCNKHCHJFBA
MedScanSystem_DisplayClass10,JCNKHCHJFBA_DDCJLLFJFFF
MeetingHud,OOCJALPKPEP
MeetingHud_CoIntro,OOCJALPKPEP_MNIMEIBFMLH
MeetingHud_CoStartCutscene,OOCJALPKPEP_PJCOHIODKHP
MeetingRoomManager,LHLNHLKEHFK
Minigame,ILKOLDJKPNE
Minigame_CoAnimateOpen,ILKOLDJKPNE_HOHNAOFONIP
Minigame_CoDestroySelf,ILKOLDJKPNE_AEHNPPPEEPL
Minigame_CoStartClose,ILKOLDJKPNE_PFLOBCOENFK
MiraExileController_Animate,JCAGPJAFPIK_LCPMEFPAADJ
MiraExileController_HandleText,JCAGPJAFPIK_HJAAHGAEJCE
MiraExileController_PlayerSpin,JCAGPJAFPIK_HOBOMMABGFA
MonitorOxyMinigame_c,EJNFKPLBHIA_c
NameTextBehaviour,JEPEOBEIFPH
NavigationMinigame_CompleteGame,KOOALGIECEF_EOBHGIAEEJJ
NoOxyTask,FBIJCIMFFJP
NormalPlayerTask,IPNGEOLGOFC
NoShadowBehaviour,NIMAOKMAOEC
OneWayShadows,MFDFJBPPJPA
OptionBehaviour,LLKOLCLGCBD
OptionsConsole,DIFMFEECAGI
OverlayKillAnimation_DisplayClass7,OAKKJMGJBGG_IELCMKMHGPC
OverlayKillAnimation_WaitForFinish,OAKKJMGJBGG_GEOALNNNOIC
PassiveButtonManager_DepthComparer,BNJMFNEJJFH_HHOGJKFEDLB
PassiveUiElement,DCHBCACCFGG
PbExileController_Animate,OOLIGABMHMI_OKNCODENEAH
PbExileController_DisplayClass10,OOLIGABMHMI_MBAOCNCLNMC
PbExileController_HandleText,OOLIGABMHMI_JDPKFAMJKOA
PbExileController_PlayerFall,OOLIGABMHMI_IDBNJJECKAB
PbExileController_PlayerSpin,OOLIGABMHMI_ALIJPCMHFNI
PetBehaviour,DLMDFGBMGPC
PetsTab_DisplayClass11,GNMKPOHCINP_FGEDMJPPPGJ
Ping,Ping
PlainDoor,EEHJPJEBAGP
PlainDoor_CoCloseDoorway,EEHJPJEBAGP_OFEDKOGPIOP
PlainShipRoom,GCGACPGKENC
PlainShipRoom_SystemTypes,GCGACPGKENC_LJFDDJHBOGF
PlanetSurveillanceMinigame_CoAnimateClose,CFMGBHBGOOC_OEPHPINPFOM
PlanetSurveillanceMinigame_CoAnimateOpen,CFMGBHBGOOC_ABFAFMIEMJG
PlanetSurveillanceMinigame_CoDestroySelf,CFMGBHBGOOC_PFHPFIKAAPD
PlanetSurveillanceMinigame_PulseStatic,CFMGBHBGOOC_MPJIEKLMBNC
PlayerAnimator_WalkPlayerTo,GIFADNNODPB_DHJLKENLDOG
PlayerControl,FFGALNAPKCD
PlayerControl_ClientInitialize,FFGALNAPKCD_CIGKGDAGHIG
PlayerControl_ColliderComparer,FFGALNAPKCD_NDPMDHMEGOL
PlayerControl_CoSetTasks2,FFGALNAPKCD_ENIACPHMNCO
PlayerControl_CoStartMeeting7,FFGALNAPKCD_DPAAADLIAKJ
PlayerControl_DisplayClass63,FFGALNAPKCD_FBNHBBKPLLF
PlayerControl_DisplayClass80,FFGALNAPKCD_EJMMFFCEEFE
PlayerControl_DisplayClass84,FFGALNAPKCD_KFEDKNKACEM
PlayerControl_DisplayClass86,FFGALNAPKCD_HCJGNEAGHLH
PlayerControl_UsableComparer,FFGALNAPKCD_GKNAMPELADJ
PlayerPhysics_CoEnterVent,LIMNONMAAFA_BCDDMPPNAAE
PlayerPhysics_CoExitVent,LIMNONMAAFA_MDFNDMBNDCA
PlayerPhysics_CoSpawnPlayer,LIMNONMAAFA_IFFBICJIJCJ
PlayerPhysics_DisplayClass29,LIMNONMAAFA_IALBBJBGKKG
PlayerPhysics_DisplayClass30,LIMNONMAAFA_MHHKKPGLGFB
PlayerPhysics_WalkPlayerTo,LIMNONMAAFA_NHLINOCOKPP
PlayerTab_DisplayClass10,MAOILGPNFND_ADFGJFHLMPA
PlayerTask,PILBGHDHJLH
PlayerTask_PooledMapIcon,PILBGHDHJLH_CGGOGEJBECA
PlayerTask_TaskTypes_,PILBGHDHJLH_BOOMIBKNGPP
PlayerVoteArea,HDJGDMFCHDN
PlayerVoteArea_CoAnimateOverlay,HDJGDMFCHDN_OPCPAKJIIKN
PoolableBehavior,CCLDIACANAF
ProcessDataMinigame_CoDoAnimation,HGNNAOACEDD_BBFFJIGEBPL
ProcessDataMinigame_DoText,HGNNAOACEDD_MGBMLDBHFGG
ProcessDataMinigame_Transition,HGNNAOACEDD_LFAEPBILMHF
ProgressTracker_c,IOLACDMHKAL_c
PurchaseButton,JDJDOPLDJLJ
RandomFill,HGPKMGPNOPN
RandomFill_PlayerParticleInfo,HGPKMGPNOPN_PlayerParticleInfo
ReactorShipRoom,HLLMJALAMAN
ReactorSystemType,KJKDNMBDHKJ
ReactorSystemType_DisplayClass16,KJKDNMBDHKJ_FNIBHNNMPAK
ReactorTask,PMNHCPJEPJH
RegionInfo,OIBMKGDLGOG
RegionMenu_DisplayClass2,CLIGCNHFBCO_EEJIMLMHMGO
RenderTexture,RenderTexture
ResolutionSlider_c,FBKLGKEGMAG_c
RoomTracker_CoSlideIn,IJCMADIPDHJ_DAFNDPAAOPO
RoomTracker_SlideOut,IJCMADIPDHJ_MFHKAGBIFGB
SabotageSystemType,MPOMGOCBHNI
SabotageSystemType_c,MPOMGOCBHNI_c
SabotageSystemType_DummySab,MPOMGOCBHNI_AGMGEBBKJID
SabotageTask,MOKGEPINKEH
SampleMinigame,HCKFJHOGHIL
SampleMinigame_BringPanelDown,HCKFJHOGHIL_ONPMGPOAKEI
SampleMinigame_BringPanelUp,HCKFJHOGHIL_NNHKMCNKGEB
SampleMinigame_CoSelectTube,HCKFJHOGHIL_ACCNLMAFJEO
SampleMinigame_CoStartProcessing,HCKFJHOGHIL_IBNDFMOIHAN
SampleMinigame_DropLiquid,HCKFJHOGHIL_HLDKNIBCLEE
SampleMinigame_DropTube,HCKFJHOGHIL_BCIJJGMNBDP
SaveManager_c,IANFCOGHJMJ_c
SaveManager_SecureDataFile,IANFCOGHJMJ_HAPPPIPACLG
Scene0Controller_PopIn,FBHJPILBFBJ_JAJGLEJKENC
Scene0Controller_PopOut,FBHJPILBFBJ_KGFHLDHKPPE
Scene0Controller_Run,FBHJPILBFBJ_OHJKFMBNJHD
Scene1Controller_DoUse,PAIKHDOPENC_NBNEFCFHHLN
Scene1Controller_RunPlayer,PAIKHDOPENC_NJHEJOEHDJP
Scene1Controller_WaitForSeconds,PAIKHDOPENC_PGPBPOLCLFN
SecurityCameraSystemType,IEOJNICCEFA
SecurityLogBehaviour_SecurityLogEntry,PDDBGBNKEFP_MNKFCKHCNCG
SecurityLogger,MAOCFFOEGFE
SecurityLogger_BlinkSensor,MAOCFFOEGFE_KEFDNLFHOEC
SecurityLogger_DisplayClass9,MAOCFFOEGFE_FMHKIMHEDDK
ServerInfo,PLFDMKKDEMI
ServerManager,AOBNFCIHAJL
ServerManager_DisplayClass19,AOBNFCIHAJL_NKLOAOILJOJ
ServerManager_DisplayClass19_1,AOBNFCIHAJL_PAHGNFMIKCG
ServerManager_DisplayClass22,AOBNFCIHAJL_BDBLFJLGBBE
ServerManager_DisplayClass25,AOBNFCIHAJL_PLBPJPJGOKM
ServerManager_HandleUpnp,AOBNFCIHAJL_EKAOLBMAMKH
ServerManager_ReselectRegion,AOBNFCIHAJL_NNCJBLCNJGL
ServerManager_WaitForServers,AOBNFCIHAJL_IEGHOGBMPOL
ShadowCollab_Run,EPFMKNKAAFM_ADEADNEGJLC
ShhhBehaviour_AnimateHand,KINKOIBEGCF_FABCIMHBKKP
ShhhBehaviour_AnimateText,KINKOIBEGCF_OCLACPAOPHP
ShhhBehaviour_PlayAnimation,KINKOIBEGCF_IIKIMMCBLFF
ShhhBehaviour_WaitWithInterrupt,KINKOIBEGCF_KACHCLKAIKM
ShipStatus,HLBNNHFCNAJ
ShipStatus_SystemTypeComparer,HLBNNHFCNAJ_BJNFLFCBOIM
SimonSaysGame_CoAnimateNewLeftSide,LBMEGPIDJBN_EFAIALJBENI
SimonSaysGame_CoAnimateOldLeftSide,LBMEGPIDJBN_HGBGNLPOEDP
SimonSaysGame_CoRun,LBMEGPIDJBN_CFBMLEEBDKP
SimonSaysGame_FlashButton,LBMEGPIDJBN_HMLKIMPOLJM
SkinData,SkinData
SkinsTab_DisplayClass11,GEDOLHADHMC_AAPFJNNCFDM
SnowManager_Run,JNHOIIEIDKH_JHCDDAGJEFC
SortGameObject_CoShadowFall,PEINHEPIKMN_MADBKHOCDAN
SortGameObject_CoShadowRise,PEINHEPIKMN_APDEKGELABL
SoundManager,POIDGKLMIMP
SpinAnimator_CoDisappear,LNAPGHHKIAG_OKBFNPOMFNG
SpriteAnim,SpriteAnim
SpriteAnimNodes,SpriteAnimNodes
SpriteRenderer,SpriteRenderer
StarGen_Stars,DEPPEFOJBCM_Stars
StatsManager,ENHLBAECCDF
SteamBehaviour_Run,FLJLJCANPMP_NEJPCDONJFF
SteamManager,LHNDJOJKPOO
SteamPurchasingModule,ELGEFHHOIGM
SteamPurchasingModule_WaitForDlcPurchase,ELGEFHHOIGM_MLNFFNDKADN
StoreMenu_c,MDOMBCECHPG_c
StoreMenu_DisplayClass39,MDOMBCECHPG_KEPBEPIOOKI
StoreMenu_DisplayClass45,MDOMBCECHPG_ANLLLNDBFCA
StoreMenu_DisplayClass46,MDOMBCECHPG_LINPHHFILNO
StoreMenu_WaitForPurchaseAds,MDOMBCECHPG_PHEHPHFFBCO
StringNames,StringNames
StringNames_System,StringNames_System
SubString,KBFICJJODPF
SurveillanceMinigame_c,HJMHDPKGDJP_c
SurveillanceMinigame_CoAnimateClose,HJMHDPKGDJP_KGBPEEHFFDD
SurveillanceMinigame_CoAnimateOpen,HJMHDPKGDJP_DFELMCGGKEG
SurveillanceMinigame_CoDestroySelf,HJMHDPKGDJP_JPFGNJJKMAN
SwitchSystem,ILEEIKKPGLG
SystemInnerNet,SystemNJAHILONGKN
SystemISteamBuyable,SystemDLFDIDJEADO
SystemJoinGameButton,SystemLMPDFADEDCF
SystemSystem,SystemSystem
SystemTypes,LJFDDJHBOGF
SystemTypes_ISystemType,LJFDDJHBOGF_COIGJLNEEFI
SystemTypes_TaskFolder,LJFDDJHBOGF_BGNBCCLNFEG
TagAmbientSoundPlayer_Run,IOEHLPHMPDC_ELPOEGIJLOJ
TaskAdderGame_c,MALBIEKPAKD_c
TaskFolder,BGNBCCLNFEG
TaskTypes,BOOMIBKNGPP
TelescopeGame_CoBlinky,IHCAPCBLHHO_AFOBLDKNDLP
TelescopeGame_RunBlipSound,IHCAPCBLHHO_OGGBJBEKCFM
TextBox,HOHFKPCCMBI
TextMarquee_Run,IIOGJOCJJKH_ICONMFCBLMA
TextRenderer_c,AELDHKGBIFD_c
TransitionOpen_AnimateClose,FMLJMBMEHAI_LDJABJAGKCC
TransitionOpen_AnimateOpen,FMLJMBMEHAI_EEHJBMJJIFG
TranslationController,GIGNEFLFPDE
TutorialManager_RunTutorial,IJNCPJLKOHJ_ICDGPLHGGHI
TutorialStatsManager,HKJAPEJAPDC
UnlockManifoldsMinigame_ResetAll,JCLJOMDDLOL_MDOACLPNGOE
UnlockPopUp_Show,LPAPMBAJAPK_IKICKIJBIIM
UploadDataGame_DisplayClass22,AGACKJGHKEP_JHIANCNOAKA
UploadDataGame_DisplayClass25,AGACKJGHKEP_MHBOJNKAGFH
UploadDataGame_DoPercent,AGACKJGHKEP_PMHBAOAJJHF
UploadDataGame_DoRun,AGACKJGHKEP_MKNKCGGEOJK
UploadDataGame_DoText,AGACKJGHKEP_KHJAFHBMKCL
UploadDataGame_PulseText,AGACKJGHKEP_HOOCJNFCPIO
UploadDataGame_Transition,AGACKJGHKEP_NCNBKOIHPDH
UseButtonManager,LJKIJNFBBHH
VendingMinigame,BEBLBBMJPKA
VendingMinigame_Animate,BEBLBBMJPKA_NGLHGBJNIHE
VendingMinigame_BlinkAccept,BEBLBBMJPKA_JLPPNDICJHF
VendingMinigame_CoBlinkVend,BEBLBBMJPKA_MCNKECNBFFK
VendingSlot_CloseSlider,OBMEJNELBNF_FOBJKDFJCCD
VendingSlot_CoBuy,OBMEJNELBNF_BBGCGELPKLN
VendingSlot_PlayLand,OBMEJNELBNF_FEFHEFKGMOA
Vent,OPPMFCFACJB
VirtualJoystick,EKDCMDLLOGO
VitalsMinigame_DisplayClass6,JOFALPIHHOI_HHCNAOPHFBG
VitalsPanel,KMDJIBIMJIH
VoteBanSystem,BEIIFNNNDIC
WaitForLerp,PICPAHLDCMC
WaterPlantsGame_CoGrowPlant,EPFJDKKBHNM_AGELMNLLLGO
WaterPlantsGame_CoPickWaterCan,EPFJDKKBHNM_KNHBPAPCDME
WeaponsMinigame_CoAnimateOpen,GMCCMCFJNMO_OMFCKMJFGON
WeaponsMinigame_CoDestroySelf,GMCCMCFJNMO_MDFPNAAFCOO
WeaponsMinigame_DisplayClass17,GMCCMCFJNMO_FKGMGFCNMNB
Weather1Game,MIEBCDCAGFI
WeatherControl_Run,NLKEOJMPACJ_KOKEOKANGBO
WeatherMinigame_CoDoAnimation,GOABAMJHLMA_PDOEAKANLPP
WeatherNodeTask,EGHHGLJEEJC
WeatherSwitchGame,NEMJHKNELHP
WifiGame_CoBlinkLight,IJAFADKIJKL_PPLEIFKCBML
WifiGame_RunLights,IJAFADKIJKL_HPOPMHMNGLC
WinningPlayerData,HKBFDMLCCPE
WireMinigame,JNJCKINBIJK
XXHash,DNPPIBIMNPL